Summary Group,SSAM_Measure,Min,Max,Mean,Variance,

Summary Group,SSAM_Measure,Min,Max,Mean,Variance,
Unfiltered-All Files,TTC,0,1.5,0.684946,0.431728
Unfiltered-All Files,PET,0,4.59999,1.13118,1.62434
Unfiltered-All Files,MaxS,0.421113,15.5311,6.57986,12.5804
Unfiltered-All Files,DeltaS,0,18.3547,4.83111,15.2473
Unfiltered-All Files,DR,-7.4863,2.63419,-1.61503,8.5059
Unfiltered-All Files,MaxD,-7.81429,2.63419,-3.24392,12.6942
Unfiltered-All Files,MaxDeltaV,0,13.5714,2.61496,5.18261
Unfiltered-All Files,P(UEA),0,1,0.30914,0.166301
Unfiltered-All Files,mTTC,0.2,99,62.925,2282.89
Unfiltered-All Files,mPET,0.011622,99,71.3858,1986.41

Summary Group,SSAM_Measure,Min,Max,Mean,Variance,
Unfiltered-C:\Users\HP\OneDrive\Documents\sem2\ITC\sarvani\2._005.trj,TTC,0,1.5,0.684946,0.431728
Unfiltered-C:\Users\HP\OneDrive\Documents\sem2\ITC\sarvani\2._005.trj,PET,0,4.59999,1.13118,1.62434
Unfiltered-C:\Users\HP\OneDrive\Documents\sem2\ITC\sarvani\2._005.trj,MaxS,0.421113,15.5311,6.57986,12.5804
Unfiltered-C:\Users\HP\OneDrive\Documents\sem2\ITC\sarvani\2._005.trj,DeltaS,0,18.3547,4.83111,15.2473
Unfiltered-C:\Users\HP\OneDrive\Documents\sem2\ITC\sarvani\2._005.trj,DR,-7.4863,2.63419,-1.61503,8.5059
Unfiltered-C:\Users\HP\OneDrive\Documents\sem2\ITC\sarvani\2._005.trj,MaxD,-7.81429,2.63419,-3.24392,12.6942
Unfiltered-C:\Users\HP\OneDrive\Documents\sem2\ITC\sarvani\2._005.trj,MaxDeltaV,0,13.5714,2.61496,5.18261
Unfiltered-C:\Users\HP\OneDrive\Documents\sem2\ITC\sarvani\2._005.trj,P(UEA),0,1,0.30914,0.166301
Unfiltered-C:\Users\HP\OneDrive\Documents\sem2\ITC\sarvani\2._005.trj,mTTC,0.2,99,62.925,2282.89
Unfiltered-C:\Users\HP\OneDrive\Documents\sem2\ITC\sarvani\2._005.trj,mPET,0.011622,99,71.3858,1986.41


Summary Group , Total, unclassified,crossing,rear end,lane change,
Unfiltered-All Files,93,0,11,49,33,
Unfiltered-C:\Users\HP\OneDrive\Documents\sem2\ITC\sarvani\2._005.trj,93,0,11,49,33,
